subject_id,filename,source_url,local_path,size_bytes,download_status,validation_status,downloaded_at,error_message
s01,s01.mat,https://s3.ap-northeast-1.wasabisys.com/gigadb-datasets/live/pub/10.5524/100001_101000/100295/mat_data/s01.mat,C:\Users\YIGIT-BASARAN\Downloads\bci\data\raw\cho2017\s01.mat,203446256,skipped_exists,ok,2026-06-15T16:55:59.000216+00:00,
s02,s02.mat,https://s3.ap-northeast-1.wasabisys.com/gigadb-datasets/live/pub/10.5524/100001_101000/100295/mat_data/s02.mat,C:\Users\YIGIT-BASARAN\Downloads\bci\data\raw\cho2017\s02.mat,205356726,ok,ok,2026-06-15T16:56:15.958084+00:00,
s03,s03.mat,https://s3.ap-northeast-1.wasabisys.com/gigadb-datasets/live/pub/10.5524/100001_101000/100295/mat_data/s03.mat,C:\Users\YIGIT-BASARAN\Downloads\bci\data\raw\cho2017\s03.mat,206547925,ok,ok,2026-06-15T16:56:40.399668+00:00,
s04,s04.mat,https://s3.ap-northeast-1.wasabisys.com/gigadb-datasets/live/pub/10.5524/100001_101000/100295/mat_data/s04.mat,C:\Users\YIGIT-BASARAN\Downloads\bci\data\raw\cho2017\s04.mat,200456673,ok,ok,2026-06-15T16:57:05.511294+00:00,
s05,s05.mat,https://s3.ap-northeast-1.wasabisys.com/gigadb-datasets/live/pub/10.5524/100001_101000/100295/mat_data/s05.mat,C:\Users\YIGIT-BASARAN\Downloads\bci\data\raw\cho2017\s05.mat,204209809,ok,ok,2026-06-15T16:57:23.782900+00:00,
s06,s06.mat,https://s3.ap-northeast-1.wasabisys.com/gigadb-datasets/live/pub/10.5524/100001_101000/100295/mat_data/s06.mat,C:\Users\YIGIT-BASARAN\Downloads\bci\data\raw\cho2017\s06.mat,201737794,ok,ok,2026-06-15T16:57:38.077672+00:00,
s07,s07.mat,https://s3.ap-northeast-1.wasabisys.com/gigadb-datasets/live/pub/10.5524/100001_101000/100295/mat_data/s07.mat,C:\Users\YIGIT-BASARAN\Downloads\bci\data\raw\cho2017\s07.mat,233546637,ok,ok,2026-06-15T16:57:55.525448+00:00,
s08,s08.mat,https://s3.ap-northeast-1.wasabisys.com/gigadb-datasets/live/pub/10.5524/100001_101000/100295/mat_data/s08.mat,C:\Users\YIGIT-BASARAN\Downloads\bci\data\raw\cho2017\s08.mat,202618405,ok,ok,2026-06-15T16:58:12.098488+00:00,
s09,s09.mat,https://s3.ap-northeast-1.wasabisys.com/gigadb-datasets/live/pub/10.5524/100001_101000/100295/mat_data/s09.mat,C:\Users\YIGIT-BASARAN\Downloads\bci\data\raw\cho2017\s09.mat,234672043,ok,ok,2026-06-15T16:58:31.409747+00:00,
s10,s10.mat,https://s3.ap-northeast-1.wasabisys.com/gigadb-datasets/live/pub/10.5524/100001_101000/100295/mat_data/s10.mat,C:\Users\YIGIT-BASARAN\Downloads\bci\data\raw\cho2017\s10.mat,202678732,ok,ok,2026-06-15T16:58:47.383287+00:00,
s11,s11.mat,https://s3.ap-northeast-1.wasabisys.com/gigadb-datasets/live/pub/10.5524/100001_101000/100295/mat_data/s11.mat,C:\Users\YIGIT-BASARAN\Downloads\bci\data\raw\cho2017\s11.mat,203651167,ok,ok,2026-06-15T16:59:24.082382+00:00,
s12,s12.mat,https://s3.ap-northeast-1.wasabisys.com/gigadb-datasets/live/pub/10.5524/100001_101000/100295/mat_data/s12.mat,C:\Users\YIGIT-BASARAN\Downloads\bci\data\raw\cho2017\s12.mat,208557544,ok,ok,2026-06-15T16:59:38.900223+00:00,
s13,s13.mat,https://s3.ap-northeast-1.wasabisys.com/gigadb-datasets/live/pub/10.5524/100001_101000/100295/mat_data/s13.mat,C:\Users\YIGIT-BASARAN\Downloads\bci\data\raw\cho2017\s13.mat,199330843,ok,ok,2026-06-15T16:59:55.942348+00:00,
s14,s14.mat,https://s3.ap-northeast-1.wasabisys.com/gigadb-datasets/live/pub/10.5524/100001_101000/100295/mat_data/s14.mat,C:\Users\YIGIT-BASARAN\Downloads\bci\data\raw\cho2017\s14.mat,203565516,ok,ok,2026-06-15T17:00:18.195827+00:00,
s15,s15.mat,https://s3.ap-northeast-1.wasabisys.com/gigadb-datasets/live/pub/10.5524/100001_101000/100295/mat_data/s15.mat,C:\Users\YIGIT-BASARAN\Downloads\bci\data\raw\cho2017\s15.mat,203290650,ok,ok,2026-06-15T17:00:36.398016+00:00,
s16,s16.mat,https://s3.ap-northeast-1.wasabisys.com/gigadb-datasets/live/pub/10.5524/100001_101000/100295/mat_data/s16.mat,C:\Users\YIGIT-BASARAN\Downloads\bci\data\raw\cho2017\s16.mat,204250575,ok,ok,2026-06-15T17:00:56.527742+00:00,
s17,s17.mat,https://s3.ap-northeast-1.wasabisys.com/gigadb-datasets/live/pub/10.5524/100001_101000/100295/mat_data/s17.mat,C:\Users\YIGIT-BASARAN\Downloads\bci\data\raw\cho2017\s17.mat,205150610,ok,ok,2026-06-15T17:01:12.772998+00:00,
s18,s18.mat,https://s3.ap-northeast-1.wasabisys.com/gigadb-datasets/live/pub/10.5524/100001_101000/100295/mat_data/s18.mat,C:\Users\YIGIT-BASARAN\Downloads\bci\data\raw\cho2017\s18.mat,201912526,ok,ok,2026-06-15T17:01:30.581706+00:00,
s19,s19.mat,https://s3.ap-northeast-1.wasabisys.com/gigadb-datasets/live/pub/10.5524/100001_101000/100295/mat_data/s19.mat,C:\Users\YIGIT-BASARAN\Downloads\bci\data\raw\cho2017\s19.mat,207257547,ok,ok,2026-06-15T17:01:50.152758+00:00,
s20,s20.mat,https://s3.ap-northeast-1.wasabisys.com/gigadb-datasets/live/pub/10.5524/100001_101000/100295/mat_data/s20.mat,C:\Users\YIGIT-BASARAN\Downloads\bci\data\raw\cho2017\s20.mat,202043554,ok,ok,2026-06-15T17:02:09.315982+00:00,
s21,s21.mat,https://s3.ap-northeast-1.wasabisys.com/gigadb-datasets/live/pub/10.5524/100001_101000/100295/mat_data/s21.mat,C:\Users\YIGIT-BASARAN\Downloads\bci\data\raw\cho2017\s21.mat,202697521,ok,ok,2026-06-15T17:02:29.355418+00:00,
s22,s22.mat,https://s3.ap-northeast-1.wasabisys.com/gigadb-datasets/live/pub/10.5524/100001_101000/100295/mat_data/s22.mat,C:\Users\YIGIT-BASARAN\Downloads\bci\data\raw\cho2017\s22.mat,203579859,ok,ok,2026-06-15T17:02:45.857155+00:00,
s23,s23.mat,https://s3.ap-northeast-1.wasabisys.com/gigadb-datasets/live/pub/10.5524/100001_101000/100295/mat_data/s23.mat,C:\Users\YIGIT-BASARAN\Downloads\bci\data\raw\cho2017\s23.mat,205256611,ok,ok,2026-06-15T17:03:01.326377+00:00,
s24,s24.mat,https://s3.ap-northeast-1.wasabisys.com/gigadb-datasets/live/pub/10.5524/100001_101000/100295/mat_data/s24.mat,C:\Users\YIGIT-BASARAN\Downloads\bci\data\raw\cho2017\s24.mat,202913409,ok,ok,2026-06-15T17:03:18.459337+00:00,
s25,s25.mat,https://s3.ap-northeast-1.wasabisys.com/gigadb-datasets/live/pub/10.5524/100001_101000/100295/mat_data/s25.mat,C:\Users\YIGIT-BASARAN\Downloads\bci\data\raw\cho2017\s25.mat,205061623,ok,ok,2026-06-15T17:03:33.333948+00:00,
s26,s26.mat,https://s3.ap-northeast-1.wasabisys.com/gigadb-datasets/live/pub/10.5524/100001_101000/100295/mat_data/s26.mat,C:\Users\YIGIT-BASARAN\Downloads\bci\data\raw\cho2017\s26.mat,203011452,ok,ok,2026-06-15T17:03:49.081545+00:00,
s27,s27.mat,https://s3.ap-northeast-1.wasabisys.com/gigadb-datasets/live/pub/10.5524/100001_101000/100295/mat_data/s27.mat,C:\Users\YIGIT-BASARAN\Downloads\bci\data\raw\cho2017\s27.mat,204789998,ok,ok,2026-06-15T17:04:04.605535+00:00,
s28,s28.mat,https://s3.ap-northeast-1.wasabisys.com/gigadb-datasets/live/pub/10.5524/100001_101000/100295/mat_data/s28.mat,C:\Users\YIGIT-BASARAN\Downloads\bci\data\raw\cho2017\s28.mat,205554539,ok,ok,2026-06-15T17:04:23.109572+00:00,
s29,s29.mat,https://s3.ap-northeast-1.wasabisys.com/gigadb-datasets/live/pub/10.5524/100001_101000/100295/mat_data/s29.mat,C:\Users\YIGIT-BASARAN\Downloads\bci\data\raw\cho2017\s29.mat,202928099,ok,ok,2026-06-15T17:04:39.941124+00:00,
s30,s30.mat,https://s3.ap-northeast-1.wasabisys.com/gigadb-datasets/live/pub/10.5524/100001_101000/100295/mat_data/s30.mat,C:\Users\YIGIT-BASARAN\Downloads\bci\data\raw\cho2017\s30.mat,204129671,ok,ok,2026-06-15T17:04:55.493252+00:00,
s31,s31.mat,https://s3.ap-northeast-1.wasabisys.com/gigadb-datasets/live/pub/10.5524/100001_101000/100295/mat_data/s31.mat,C:\Users\YIGIT-BASARAN\Downloads\bci\data\raw\cho2017\s31.mat,207323724,ok,ok,2026-06-15T17:05:15.204954+00:00,
s32,s32.mat,https://s3.ap-northeast-1.wasabisys.com/gigadb-datasets/live/pub/10.5524/100001_101000/100295/mat_data/s32.mat,C:\Users\YIGIT-BASARAN\Downloads\bci\data\raw\cho2017\s32.mat,206235816,ok,ok,2026-06-15T17:05:33.727248+00:00,
s33,s33.mat,https://s3.ap-northeast-1.wasabisys.com/gigadb-datasets/live/pub/10.5524/100001_101000/100295/mat_data/s33.mat,C:\Users\YIGIT-BASARAN\Downloads\bci\data\raw\cho2017\s33.mat,205696384,ok,ok,2026-06-15T17:05:51.015510+00:00,
s34,s34.mat,https://s3.ap-northeast-1.wasabisys.com/gigadb-datasets/live/pub/10.5524/100001_101000/100295/mat_data/s34.mat,C:\Users\YIGIT-BASARAN\Downloads\bci\data\raw\cho2017\s34.mat,203249088,ok,ok,2026-06-15T17:06:09.648306+00:00,
s35,s35.mat,https://s3.ap-northeast-1.wasabisys.com/gigadb-datasets/live/pub/10.5524/100001_101000/100295/mat_data/s35.mat,C:\Users\YIGIT-BASARAN\Downloads\bci\data\raw\cho2017\s35.mat,201382139,ok,ok,2026-06-15T17:06:26.850169+00:00,
s36,s36.mat,https://s3.ap-northeast-1.wasabisys.com/gigadb-datasets/live/pub/10.5524/100001_101000/100295/mat_data/s36.mat,C:\Users\YIGIT-BASARAN\Downloads\bci\data\raw\cho2017\s36.mat,202238390,ok,ok,2026-06-15T17:06:47.249262+00:00,
s37,s37.mat,https://s3.ap-northeast-1.wasabisys.com/gigadb-datasets/live/pub/10.5524/100001_101000/100295/mat_data/s37.mat,C:\Users\YIGIT-BASARAN\Downloads\bci\data\raw\cho2017\s37.mat,205542398,ok,ok,2026-06-15T17:07:06.241656+00:00,
s38,s38.mat,https://s3.ap-northeast-1.wasabisys.com/gigadb-datasets/live/pub/10.5524/100001_101000/100295/mat_data/s38.mat,C:\Users\YIGIT-BASARAN\Downloads\bci\data\raw\cho2017\s38.mat,204908512,ok,ok,2026-06-15T17:07:22.267461+00:00,
s39,s39.mat,https://s3.ap-northeast-1.wasabisys.com/gigadb-datasets/live/pub/10.5524/100001_101000/100295/mat_data/s39.mat,C:\Users\YIGIT-BASARAN\Downloads\bci\data\raw\cho2017\s39.mat,206867819,ok,ok,2026-06-15T17:07:38.415092+00:00,
s40,s40.mat,https://s3.ap-northeast-1.wasabisys.com/gigadb-datasets/live/pub/10.5524/100001_101000/100295/mat_data/s40.mat,C:\Users\YIGIT-BASARAN\Downloads\bci\data\raw\cho2017\s40.mat,200137624,ok,ok,2026-06-15T17:07:59.234391+00:00,
s41,s41.mat,https://s3.ap-northeast-1.wasabisys.com/gigadb-datasets/live/pub/10.5524/100001_101000/100295/mat_data/s41.mat,C:\Users\YIGIT-BASARAN\Downloads\bci\data\raw\cho2017\s41.mat,203184362,ok,ok,2026-06-15T17:08:15.616529+00:00,
s42,s42.mat,https://s3.ap-northeast-1.wasabisys.com/gigadb-datasets/live/pub/10.5524/100001_101000/100295/mat_data/s42.mat,C:\Users\YIGIT-BASARAN\Downloads\bci\data\raw\cho2017\s42.mat,201632098,ok,ok,2026-06-15T17:08:32.425999+00:00,
s43,s43.mat,https://s3.ap-northeast-1.wasabisys.com/gigadb-datasets/live/pub/10.5524/100001_101000/100295/mat_data/s43.mat,C:\Users\YIGIT-BASARAN\Downloads\bci\data\raw\cho2017\s43.mat,205312190,ok,ok,2026-06-15T17:08:53.944505+00:00,
s44,s44.mat,https://s3.ap-northeast-1.wasabisys.com/gigadb-datasets/live/pub/10.5524/100001_101000/100295/mat_data/s44.mat,C:\Users\YIGIT-BASARAN\Downloads\bci\data\raw\cho2017\s44.mat,208780878,ok,ok,2026-06-15T17:09:11.264120+00:00,
s45,s45.mat,https://s3.ap-northeast-1.wasabisys.com/gigadb-datasets/live/pub/10.5524/100001_101000/100295/mat_data/s45.mat,C:\Users\YIGIT-BASARAN\Downloads\bci\data\raw\cho2017\s45.mat,208130079,ok,ok,2026-06-15T17:09:36.166931+00:00,
s46,s46.mat,https://s3.ap-northeast-1.wasabisys.com/gigadb-datasets/live/pub/10.5524/100001_101000/100295/mat_data/s46.mat,C:\Users\YIGIT-BASARAN\Downloads\bci\data\raw\cho2017\s46.mat,237147858,ok,ok,2026-06-15T17:10:01.793245+00:00,
s47,s47.mat,https://s3.ap-northeast-1.wasabisys.com/gigadb-datasets/live/pub/10.5524/100001_101000/100295/mat_data/s47.mat,C:\Users\YIGIT-BASARAN\Downloads\bci\data\raw\cho2017\s47.mat,201698159,ok,ok,2026-06-15T17:10:21.775295+00:00,
s48,s48.mat,https://s3.ap-northeast-1.wasabisys.com/gigadb-datasets/live/pub/10.5524/100001_101000/100295/mat_data/s48.mat,C:\Users\YIGIT-BASARAN\Downloads\bci\data\raw\cho2017\s48.mat,205771783,ok,ok,2026-06-15T17:10:37.215897+00:00,
s49,s49.mat,https://s3.ap-northeast-1.wasabisys.com/gigadb-datasets/live/pub/10.5524/100001_101000/100295/mat_data/s49.mat,C:\Users\YIGIT-BASARAN\Downloads\bci\data\raw\cho2017\s49.mat,203273886,ok,ok,2026-06-15T17:10:55.257457+00:00,
s50,s50.mat,https://s3.ap-northeast-1.wasabisys.com/gigadb-datasets/live/pub/10.5524/100001_101000/100295/mat_data/s50.mat,C:\Users\YIGIT-BASARAN\Downloads\bci\data\raw\cho2017\s50.mat,205228049,ok,ok,2026-06-15T17:11:10.832427+00:00,
s51,s51.mat,https://s3.ap-northeast-1.wasabisys.com/gigadb-datasets/live/pub/10.5524/100001_101000/100295/mat_data/s51.mat,C:\Users\YIGIT-BASARAN\Downloads\bci\data\raw\cho2017\s51.mat,199549446,ok,ok,2026-06-15T17:11:26.667658+00:00,
s52,s52.mat,https://s3.ap-northeast-1.wasabisys.com/gigadb-datasets/live/pub/10.5524/100001_101000/100295/mat_data/s52.mat,C:\Users\YIGIT-BASARAN\Downloads\bci\data\raw\cho2017\s52.mat,206541841,ok,ok,2026-06-15T17:11:44.789420+00:00,
